Model,Val Accuracy,Test Accuracy
Logistic Regression,0.8333333333333334,0.7761194029850746
Decision Tree Classifier,0.803030303030303,0.7761194029850746
