Model,Val MSE,Test MSE
Linear Regression,2499.3212346817418,3139.3683430474534
Decision Tree Regressor,3293.5129598172352,4000.0227159315004
