Model,Val Accuracy,Val F1,Test Accuracy,Test F1
Logistic Regression,0.7313432835820896,0.7352941176470589,0.7611940298507462,0.7777777777777778
Decision Tree Classifier,0.7910447761194029,0.8,0.7014925373134329,0.7222222222222222
