model,source,run_id,val_accuracy,val_f1,val_roc_auc,test_accuracy,test_f1,test_roc_auc
mlp_classifier,nn,b085ca6c55ed43ad8c48d7d794db3295,0.7761194029850746,0.7761194029850746,0.8841354723707665,0.7761194029850746,0.7887323943661971,0.8440285204991088
