model,source,run_id,val_accuracy,val_f1,val_roc_auc,test_accuracy,test_f1,test_roc_auc
mlp_classifier,nn,5ae9afd3100846c0ac19f1854fd9865a,0.7611940298507462,0.7575757575757576,0.8645276292335116,0.7164179104477612,0.7246376811594203,0.8065953654188948
