model,source,run_id,val_mae,val_rmse,test_mae,test_rmse
mlp_regressor,nn,00cfcafa232246bf83917f3db0349cf8,38.9887196830542,51.64568464178485,45.41241558397882,56.48969947777901
