model,source,run_id,val_mae,val_rmse,test_mae,test_rmse
mlp_regressor,nn,9b80402879244ed8bb69fd1de23da4f4,38.9887196830542,51.64568464178485,45.41241558397882,56.48969947777901
