model,source,val_mae,val_rmse,test_mae,test_rmse,run_id
linear_regression,classical,43.58078376982053,54.2960309737221,43.35515664560688,54.25135095785344,4a16901b2d0847ccb7f3481dc93c0e4f
decision_tree_regressor,classical,56.26802758290633,69.57330391885176,48.16852119251961,63.71410122564979,49bc8465c5464a8b8e390a5cb3c4fc98
