model,val_mae,val_rmse,test_mae,test_rmse
linear_regression,43.58078376982053,54.2960309737221,43.35515664560688,54.25135095785344
decision_tree_regressor,56.26802758290633,69.57330391885176,48.16852119251961,63.71410122564979
