Model,Val MAE,Val MSE,Val RMSE,Test MAE,Test MSE,Test RMSE
Linear Regression,43.58078376982053,2948.0589794993894,54.2960309737221,43.35515664560688,2943.209080752185,54.25135095785344
Decision Tree Regressor,56.26802758290633,4840.444618184913,69.57330391885176,48.16852119251961,4059.486694992348,63.71410122564979
