model,source,val_accuracy,val_f1,val_roc_auc,test_accuracy,test_f1,test_roc_auc
decision_tree_classifier,classical,0.7910447761194029,0.8,0.8400178253119428,0.7014925373134329,0.7222222222222222,0.7780748663101604
mlp_classifier,nn,0.7611940298507462,0.7575757575757576,0.8645276292335116,0.7164179104477612,0.7246376811594203,0.8065953654188948
