model,source,val_accuracy,val_f1,val_roc_auc,test_accuracy,test_f1,test_roc_auc
decision_tree_classifier,classical,0.7910447761194029,0.8,0.8400178253119428,0.7014925373134329,0.7222222222222222,0.7780748663101604
mlp_classifier,nn,0.7761194029850746,0.7761194029850746,0.8841354723707665,0.7761194029850746,0.7887323943661971,0.8440285204991088
